Trait,Value,Trait,Value,Trait,Value,Value
Tattoo,Broken,Bones,Lightning,Broken,Gold,38e4484fcfa24043abd7c08fed7869b77a79535556482fdac2f67234bb08aeac
Tattoo,Broken,Bones,Banana,Broken,Spiral,7dbe07590db471aadd94e91bb7b6dd3f8088818e91703a7717556a69966032bc
Tattoo,Broken,Bones,Banana,Broken,Banana,56b44e048b8d9e6aa24772e2a85ee4748dee23a4a93b172d56c9cbd26c4966fc
Tattoo,Broken,Bones,Gold,Broken,Gold,08ac97816eccc97358329a349b02f5276d91ce64b0258b3b284bea723740900a
Tattoo,Broken,Bones,Banana,Broken,Red,8d879c9437e599a07b094ae5fce7e2fed202bfa270685a611157dfb3c157dc43
Tattoo,Broken,Bones,Gold,Broken,Green,7329fa37ed5e1ea8f1b66ef6ee7dcf74f10fe5b301be54f1c75f5eba58ba8f6c
Tattoo,Broken,Bones,Spiral,Broken,Banana,d23569640864f5af9bc8c32cbb0d7697cb61623a2f74d73585a464b0890ca827
Tattoo,Broken,Bones,Smile,Broken,Skull,5244ab458a71421807f26c9a8727f2307c49ca2d612be30f23d20fe215dbd5bc
Tattoo,Broken,Bones,Sparkle,Broken,Lightning,c306478f43ed9b6117cfd7ed7ae62f8946d554536845865a31ac517b3e4e4fc0
Tattoo,Broken,Bones,Skull,Broken,Cross,f89a47168ca028bdf15b9bd75c693ba2b8ab71e45523fedee2de2011ba89a7cb
Tattoo,Dagger,Blade,Lightning,Knife Shield,Skull,e5b45dc9ecb277d8c3e293ad0ffdc27be43f75eb6ecd33d71d654786e6a0fcd3
Tattoo,Dagger,Blade,Smile,Knife Shield,Lightning,1f4826f65f52061d7af159d60d94fbc088c89a4f2d65532175f2c2a9ab5e9e7a
Tattoo,Dagger,Blade,Banana,Knife Shield,Spiral,7f26c123821ca2b14feace7b7acead2a02aded00a796706819511560e3ed5422
Tattoo,Dagger,Blade,Spiral,Knife Shield,Skull,58b612d50e76250640c4f840eab46607d55faa02d44f5809e58f344c8ffeab20
Tattoo,Dagger,Blade,Smile,Knife Shield,Skull,c03841bf4a2aaac48e981d15756622f72ab5b9223cd48cab071ac004679efb0f
Tattoo,Dagger,Blade,Banana,Knife Shield,Smile,26465f95b5704494d2e45ca31904d6cc3135a8a9dd410fc2bf218c3e3535dc3f
Tattoo,Dagger,Blade,Banana,Knife Shield,Spiral,7c12e2b88565887ba0901147758a870d0ac9b1d44851ff749a82117a083b89c2
Tattoo,Dagger,Blade,Skull,Knife Shield,Lightning,feadf898a29d21b1ad6a8c6d279a1b229fcc964eddc3dbd39e49a7b9de325fe2
Tattoo,Dagger,Blade,Lightning,Knife Shield,Smile,5d5e1fb1683a56271783640dfbadd534a8f3332a340ebdbc1e922a0178f2e33e
Tattoo,Dagger,Blade,Skull,Knife Shield,Spiral,56a0aa55766d146044f23347dc02c0f76fbdf593d5b1a2aae917d3c3f417daff
Tattoo,Dice,Back Dice,Rainbow,Front Dice,Lightning,68063e0dcdb08a55e4329cab59bc565be7e842a49dfabe581198d13c4025126e
Tattoo,Dice,Back Dice,Lightning,Front Dice,Cow,46d7303e3e0465020fe881b0ae926b63718f71ba8c0a930304cf10ccc8386279
Tattoo,Dice,Back Dice,Lightning,Front Dice,Skull,546992b4338f0e8abfbe9ef9e550ab903cd8c05bc6549733395cb3b3cf6d37ed
Tattoo,Dice,Back Dice,Cow,Front Dice,Cow,f36f77115ffacb301cda492970c30589b9605fcfeae38559ff39b5447b9fe3d0
Tattoo,Dice,Back Dice,White,Front Dice,Sparkle,21bb57d35b369e0159bb7fca566a4a08f517d83b1fcafa88aa37976a6abe47f9
Tattoo,Dice,Back Dice,Rainbow,Front Dice,Banana,fd6022dfbfbafb6fc6ee6380651b3344024cf909675a8766bf641bca1cbc6cc1
Tattoo,Dice,Back Dice,Lightning,Front Dice,Smile,5d9dc7e76e0cc92ed230ae76a3ef9e0b77ccf43a761257dbfeaa683f0835fbf6
Tattoo,Dice,Back Dice,Gold,Front Dice,Gold,ea59310322bd7f0d9586371a0105f692b00df96cc614acd013523b820466ddf7
Tattoo,Dice,Back Dice,Spiral,Front Dice,Cow,5ee4ed8964020dcf9e51fba668c7e0081db7a60f27db7af0338e2b1dd3eb1199
Tattoo,Dice,Back Dice,Spiral,Front Dice,Smile,70a9f32eed17bed4c342820b6b57949afdbc8e12e537db910a190a69b44e0a77
